,t0,m0,mw,x,y,z,area,dt,te
90905,2.00165E+12,1.05E+22,8.615445,1725505.333,5421337.333,-28819.44333,40384590749,44.5871582,3.50127E+14
91022,2.0031E+12,1.87E+22,8.780752,2420454,6517770,-46045.73333,67997095369,77.2109375,6.38542E+14
91129,2.00489E+12,2.75E+22,8.893176,2660557.333,7138796.333,-36342.86,95067532699,119.8596191,1.21E+15
91241,2.00981E+12,1.30E+22,8.67635,2233593.667,6120910.667,-42989.66667,47819633404,63.71508789,4.78062E+14
91434,2.01267E+12,2.27E+22,8.837027,2619150.333,6964738.667,-37106.37,82756634064,95.07568359,9.4449E+14
91495,2.01459E+12,1.25E+22,8.664068,2520298,6724389,-46228.72667,49306084037,72.39331055,4.13077E+14
91699,2.01982E+12,1.07E+22,8.619336,2543847,6763807,-42021.83,46428020587,81.3371582,3.51709E+14
91720,2.02E+12,1.35E+22,8.686838,1821530,5407206.333,-14743.66333,44244770828,68.97412109,4.17346E+14
91853,2.02261E+12,1.37E+22,8.691594,2651649.333,7136600.667,-40282.48,44985960740,51.5793457,8.94911E+14
92005,2.025E+12,1.09E+22,8.623747,2504329.667,6671389.333,-41280.02,43668904134,53.50805664,3.2796E+14
92146,2.02784E+12,1.41E+22,8.699647,2598102.667,6923233.333,-43100.53333,55476523071,66.41870117,5.17722E+14
92174,2.02824E+12,1.03E+22,8.607895,2388480.333,6406969.333,-32316.24667,39160916984,43.75585938,3.85953E+14
92303,2.03149E+12,1.10E+22,8.627152,2646223.333,7104877,-38284.06667,42094332391,53.48071289,6.04818E+14
92388,2.03348E+12,5.19E+21,8.409886,1701445.333,5333485.667,-17165.31333,24541805490,38.28369141,1.61033E+14
92454,2.03437E+12,1.34E+22,8.683946,2512418.667,6695128.333,-43048.94,52739495015,76.61987305,4.30523E+14
92570,2.03706E+12,1.37E+22,8.691095,2590292.667,6887776.333,-40953.94333,49710202579,53.33129883,5.20389E+14
92707,2.04042E+12,9.91E+21,8.597519,2656905.333,7116675.333,-34519.6,35119850138,42.30224609,6.32066E+14
92718,2.04058E+12,1.16E+22,8.644038,2007559.333,5674949,-15574.74667,38513275486,54.68481445,3.80131E+14
92738,2.04087E+12,4.42E+21,8.36363,1883971.667,5503369.333,-14787.52333,19979929050,51.27026367,1.17495E+14
92804,2.04169E+12,2.96E+21,8.247065,2528942.333,6726113.333,-41552.36,17016784357,41.20605469,8.2348E+13
92919,2.04388E+12,9.17E+21,8.575019,2492079.333,6644138.333,-41161.48,40031252544,65.46826172,2.76479E+14
92949,2.04428E+12,2.70E+21,8.220586,2625355,7031419.333,-42559.58667,14391806648,33.04516602,7.31632E+13
92951,2.04428E+12,8.37E+21,8.548361,2632680,6967602.333,-30181.54333,37208922628,54.05932617,2.86255E+14
93007,2.04569E+12,1.87E+22,8.781913,2264939,6183264,-42518.23667,60850915385,74.33032227,6.55248E+14
93113,2.04849E+12,2.07E+21,8.143939,1809073.667,5392778.667,-14443.27667,10445542803,30.59130859,6.02931E+13
93128,2.04869E+12,1.22E+22,8.657843,2629502.333,7097397.667,-46444.82333,44346561781,39.05419922,6.61727E+14
93207,2.05011E+12,8.22E+21,8.543291,2368120,6378050,-36916.6,36154742020,45.75585938,2.94803E+14
93316,2.05181E+12,1.72E+22,8.756491,2539713,6759894,-43524.39333,65967662305,70.82177734,5.90291E+14
93454,2.05627E+12,1.26E+22,8.667587,2620723.667,7017033,-43629.56,51142125958,69.62353516,6.10985E+14
93513,2.05744E+12,7.54E+21,8.518182,2464517.667,6544960,-28405.67333,30169654553,32.50610352,2.63279E+14
93606,2.06002E+12,1.31E+22,8.679131,2588040,6882671,-41225.19,51912975229,74.93261719,4.6696E+14
93658,2.06154E+12,3.49E+22,8.961473,1648935.333,5337687.333,-27751.31333,94635074747,103.5263672,8.99461E+14
93858,2.06525E+12,1.56E+22,8.729372,2673669.333,7149089.333,-32699.98,53747713086,60.58666992,8.34714E+14
93917,2.06651E+12,9.68E+21,8.590616,2509173.333,6652893.667,-33263.38,41473296756,56.55444336,3.02798E+14
94035,2.06953E+12,1.03E+22,8.609818,2595684,6908053,-41673.45,40616821395,52.36767578,3.77607E+14
94188,2.07245E+12,1.56E+22,8.728342,2404981.333,6457935,-36020.29,57218779899,76.81201172,5.56331E+14
94190,2.07245E+12,1.78E+21,8.100268,2287335.667,6154965.333,-23767.46333,12457864374,26.92138672,3.43494E+13
94288,2.07395E+12,1.44E+22,8.705409,2653039.333,7015551.333,-26064.52667,51865084802,63.51489258,7.14357E+14
94381,2.07636E+12,1.25E+22,8.664695,2487972,6635018,-41067.66333,44956020118,43.24169922,4.32904E+14
94476,2.07845E+12,8.34E+21,8.547384,2610542.333,6909828.667,-33047.57,33041982182,45.09350586,3.13037E+14
94502,2.07881E+12,2.72E+21,8.222661,1751641,5429484,-24555.85,14387930005,35.70581055,8.70873E+13
94506,2.07887E+12,1.83E+21,8.107525,1825067,5493470.667,-20930.48333,9825525414,22.91625977,3.06871E+13
94584,2.08052E+12,2.53E+21,8.201943,2210156.333,6076448.333,-43153.45333,14072896193,34.23657227,5.59532E+13
94650,2.08163E+12,1.21E+22,8.654771,2701943.333,7228429.667,-38871.93,45565464997,83.8046875,5.86619E+14
94747,2.08346E+12,1.55E+21,8.061105,2432431,6477771.333,-27345.43667,10104687067,38.69360352,3.18859E+13
94781,2.08389E+12,4.56E+21,8.372708,2086459,5854042.333,-30047.61333,18401326446,44.00219727,1.41667E+14
95023,2.08707E+12,2.11E+22,8.815574,2637547.333,6946875.667,-25246.27667,75540317310,106.3791504,7.13619E+14
95092,2.08807E+12,2.39E+21,8.185978,1672516,5331394.667,-21146.13,13696623057,38.16552734,7.46508E+13
95214,2.09037E+12,1.48E+22,8.713229,2657908,7097637.667,-31484.39333,48305117728,46.49609375,8.83949E+14
95246,2.09132E+12,3.71E+21,8.313082,1728329.667,5412026.667,-26376.60667,18109941701,40.24829102,9.29018E+13
95249,2.09132E+12,2.62E+21,8.21264,1865215.333,5501945.333,-16617.27,14634284522,30.50708008,4.23918E+13
95373,2.09365E+12,1.17E+22,8.645023,2449528.333,6424085,-14869.75,43404303937,67.015625,4.47021E+14
95452,2.09486E+12,1.68E+22,8.7508,2605351.333,6929171.667,-39481.63667,67307569139,106.7028809,5.76005E+14
95496,2.09641E+12,1.35E+21,8.019956,2470268,6587300.667,-37438.96333,8535356247,26.68432617,2.96855E+13
95557,2.09834E+12,9.92E+21,8.597657,2654277.667,7077464.667,-31419.26333,39401340985,45.89868164,4.35531E+14
95704,2.10181E+12,2.06E+22,8.809826,2178986,5983836,-33189.89,67108082349,74.45288086,7.14496E+14
95731,2.10233E+12,1.89E+22,8.783742,2590634.667,6848238,-32818.58,79004704241,101.1240234,5.79178E+14
95751,2.10286E+12,5.65E+21,8.434925,1936944.667,5637762.667,-22476.85333,25747975552,35.09472656,1.73773E+14
95786,2.10388E+12,4.51E+21,8.369523,2655722.333,7140417.333,-39035.53333,24441785629,77.63134766,2.2357E+14
95867,2.10651E+12,5.54E+21,8.429092,2627797.333,7087385,-46523.06333,24558537591,45.92431641,1.83816E+14
95918,2.10744E+12,1.59E+22,8.734146,1731552,5402446.333,-24122.01,54736207439,62.41210938,4.72687E+14
96039,2.10975E+12,1.62E+22,8.740006,2391686,6437441,-38081.33667,66020277469,86.90234375,4.99386E+14
96068,2.1108E+12,1.20E+22,8.651701,2599676,6947489,-46603.25667,44592989372,52.16259766,4.47529E+14
96117,2.11266E+12,1.03E+22,8.607652,2705620.333,7176059,-27958.61667,37618159865,50.88061523,6.39502E+14
96119,2.11296E+12,2.27E+21,8.170233,2343552.667,6328515,-38676.01333,12234951043,39.25366211,5.22169E+13
96296,2.11747E+12,1.64E+22,8.743698,2625355,7031419.333,-42559.58667,70172667531,94.83984375,5.72494E+14
96297,2.11747E+12,2.03E+21,8.137862,2533778.333,6646934.667,-21510.94,14119312859,28.80859375,4.16411E+13
96513,2.12242E+12,1.31E+22,8.678193,2642799.667,7100405.667,-39532.92,43028590627,64.94213867,8.57733E+14
96533,2.12272E+12,1.50E+22,8.716568,2466187,6589462.667,-40866.97667,61514703505,70.53442383,5.10403E+14
96606,2.12499E+12,2.06E+21,8.142865,1775225.667,5391019.333,-16721.77,11064863481,25.46240234,7.67228E+13
96616,2.12508E+12,8.68E+21,8.559011,2650328,6970261,-22718.99667,36861524758,61.44921875,2.98435E+14
96716,2.12771E+12,4.29E+21,8.35527,2520693.333,6707728.667,-41441.22667,23858141037,52.58349609,1.56474E+14
96956,2.13157E+12,1.71E+22,8.755961,2313970,6225790,-28167.3,62737258036,81.94140625,5.88688E+14
97032,2.13238E+12,6.25E+21,8.463762,2475465,6613168.667,-42512.99667,30406991399,51.78881836,1.65733E+14
97065,2.13274E+12,2.50E+22,8.865185,2697846,7244385.333,-42016.39,83539159147,96.19213867,1.21E+15
97113,2.135E+12,1.17E+22,8.645074,1892914.333,5516568,-14660.09,45156436239,77.2109375,3.52122E+14
97198,2.13761E+12,8.54E+21,8.554144,2545411.667,6747140.667,-37201.41333,36680085266,42.83813477,3.04182E+14
97349,2.14081E+12,1.29E+22,8.674428,2414364.333,6475741.667,-35883.30333,48321518229,51.37084961,4.54786E+14
97374,2.14152E+12,2.17E+22,8.824405,2658412.333,7154872,-40615.98333,72784670144,77.21386719,1.05E+15
97716,2.14908E+12,3.11E+22,8.928114,2564453,6820391.667,-42052.81667,1.0781E+11,131.3256836,1.17E+15
97835,2.15285E+12,2.27E+22,8.837597,1735272,5421202,-26539.77,75355023864,118.4606934,6.98901E+14
97931,2.15418E+12,6.53E+21,8.476475,2429109.333,6524525.333,-42567.41,28333003614,42.24414063,2.17137E+14
97968,2.1547E+12,4.81E+21,8.388,2680590.667,7192488,-39932.38667,23912311594,43.56835938,2.78497E+14
98200,2.15771E+12,1.72E+22,8.757223,2630833,7061144.667,-42217.85667,62694809314,78.8046875,6.63793E+14
98206,2.15771E+12,3.60E+21,8.304278,2532654.667,6741557.667,-43374.12,19545070637,47.69287109,9.48799E+13
98261,2.15905E+12,3.72E+21,8.313554,2461047.333,6569579,-37529.17667,17931380957,35.7956543,9.28376E+13
98457,2.16277E+12,5.51E+21,8.427338,2658412.333,7154872,-40615.98333,24443613198,41.06494141,3.06891E+14
98600,2.16477E+12,1.61E+21,8.072096,2446365,6526662.333,-32873.30667,11347510710,36.47265625,3.27523E+13
98669,2.1655E+12,2.49E+22,8.863743,2639538.667,7111079.667,-42439.09667,89376793055,111.1164551,8.89854E+14
98681,2.1658E+12,3.16E+22,8.933563,2343300,6339621,-41765.91,1.036E+11,119.0673828,1.10E+15
98891,2.17168E+12,8.89E+21,8.56588,1841654.667,5409945.667,-13101.75,35686514313,52.17089844,2.77094E+14
98922,2.17225E+12,1.99E+22,8.799039,2666023.333,7172167,-41114.41667,74493016127,107.1899414,1.02E+15
99078,2.17533E+12,1.46E+22,8.710127,2473730,6512018.333,-18931.66667,54948891634,64.95947266,4.72711E+14
99214,2.17955E+12,1.87E+21,8.115274,2612796,6779409.333,-15997.66,11015935264,42.74658203,5.45398E+13
99262,2.18013E+12,1.75E+22,8.76155,2642799.667,7100405.667,-39532.92,60858451234,60.35839844,8.17224E+14
99463,2.18388E+12,1.50E+22,8.716843,2557656.667,6801272,-41947.84333,60860377107,87.62792969,4.83017E+14
99654,2.18735E+12,6.89E+21,8.49196,2414464,6392328.333,-19622.62,28658039269,41.74023438,2.27665E+14
99689,2.18782E+12,1.27E+21,8.002541,2028594.667,5729196.667,-19008.89333,7795699834,29.44775391,3.27468E+13
99690,2.18782E+12,9.45E+21,8.583554,2101731,5762711,-11338.64,37960090677,51.9777832,2.48296E+14
99736,2.18856E+12,2.00E+22,8.800977,2636168.667,7106662,-43763.19,67704954991,58.78759766,1.02E+15
99838,2.19068E+12,2.72E+21,8.223111,1745169,5420703,-24493.90333,13511554232,30.61645508,8.17459E+13
99973,2.19316E+12,1.67E+22,8.74796,2475465,6613168.667,-42512.99667,63427689726,76.50488281,5.55945E+14
100011,2.19432E+12,8.84E+21,8.564216,1842145.333,5509035.333,-20977.76333,30183990955,25.99926758,2.12971E+14
100013,2.19432E+12,3.87E+21,8.324864,1903608.333,5572221.333,-18258.21667,18855996293,27.34082031,8.41077E+13
100142,2.19645E+12,1.70E+22,8.754454,2633553,7034900,-38091.07667,62152086756,73.77905273,7.70655E+14
100194,2.1979E+12,1.95E+22,8.793356,2335109.333,6304804,-37158.53333,70542074436,96.23852539,6.82094E+14
100267,2.2E+12,4.36E+21,8.359808,2410379.667,6483568.333,-40627.69333,21562462689,39.20019531,1.29248E+14
100331,2.20152E+12,1.59E+22,8.734343,2545411.667,6747140.667,-37201.41333,60296687798,67.39746094,5.33203E+14
100426,2.20411E+12,1.62E+22,8.73994,2637977.333,7116215,-44004.78,59433231683,65.74951172,7.84172E+14
100430,2.20443E+12,3.88E+21,8.325617,1771985.333,5417223.333,-20186.53667,17135417622,27.17724609,1.01699E+14
100696,2.21053E+12,2.73E+22,8.890461,2529316.333,6714807,-38422.01,1.04004E+11,110.1811523,8.99051E+14
100807,2.21444E+12,1.12E+22,8.631834,2643853.333,7129146.667,-42898.84667,37229497607,41.80957031,8.22135E+14
100950,2.21675E+12,5.71E+21,8.437715,1874598,5499409.333,-15398.51667,22775599461,34.84179688,1.74732E+14
101104,2.21866E+12,2.17E+22,8.824714,2567686.333,6829869.667,-42031.83667,82421602423,87.14404297,7.19779E+14
101157,2.2202E+12,1.21E+22,8.655357,2397163.333,6473592.333,-45710.84,44557568628,58.70166016,4.5085E+14
101282,2.2235E+12,1.07E+22,8.618553,2677811.667,7111438,-24132.88333,41528800419,51.25488281,5.9157E+14
101440,2.22656E+12,3.86E+21,8.324308,2008478.667,5727030.333,-22754.73667,16713224214,36.74316406,1.46977E+14
101456,2.22664E+12,1.58E+21,8.065153,1617605,5324382.333,-34691.51333,11428255843,21.14941406,2.71747E+13
101463,2.22666E+12,3.74E+21,8.315019,1752052.333,5382065.333,-17606.48333,18381805710,37.25830078,1.17771E+14
101482,2.22679E+12,2.19E+22,8.826496,2612285.667,6976877.667,-43340.55333,82899515978,119.9770508,7.34915E+14
101611,2.23104E+12,2.22E+22,8.830616,2278273.333,6204472,-41014.18333,71615574658,81.12451172,8.27899E+14
101675,2.23222E+12,1.59E+22,8.734618,2641040.667,7090219.667,-39431.16667,56789046599,67.02587891,8.56607E+14
101758,2.23429E+12,6.27E+21,8.464971,2374856.333,6429392,-46515.93667,30187702279,67.45654297,1.9002E+14
101791,2.23494E+12,1.46E+22,8.709296,2567686.333,6829869.667,-42031.83667,57675111377,80.90966797,4.94137E+14
101874,2.23808E+12,1.81E+22,8.772361,1883971.667,5503369.333,-14787.52333,55199441221,45.74707031,5.46341E+14
101907,2.23871E+12,4.01E+21,8.335441,2605180.667,6939791.667,-41491.39333,21657074075,56.375,1.18486E+14
102060,2.24138E+12,1.21E+22,8.654876,2637977.333,7116215,-44004.78,40894605601,39.66455078,7.44324E+14
102181,2.24335E+12,2.25E+22,8.834148,2595680.667,6917922,-43652.47333,85940512307,114.3134766,7.32472E+14
102444,2.25059E+12,2.98E+22,8.916069,2671129,7193372.667,-43713.13333,1.10891E+11,169.2016602,1.21E+15
102470,2.25136E+12,1.45E+22,8.707193,2395888.333,6440534,-36366.96333,52834960231,65.08837891,5.31639E+14
102478,2.25156E+12,2.06E+21,8.142584,1733931.333,5415020.333,-25745.58667,10823255296,28.41748047,6.07484E+13
102756,2.25845E+12,1.00E+22,8.600508,2648147.667,7114123,-38486.14667,40188916139,50.66748047,4.53834E+14
102759,2.25845E+12,1.88E+22,8.783111,2656720,6963533,-19885.8,73457212916,111.1674805,6.20185E+14
102793,2.25943E+12,4.55E+21,8.372298,1882156,5462867.667,-12391.79667,19616919562,35.68457031,1.15551E+14
102992,2.26403E+12,1.19E+22,8.649234,2304942.333,6224714,-32273.83,43108588604,58.05859375,4.3623E+14
103096,2.26549E+12,1.24E+22,8.663083,2653039.333,7015551.333,-26064.52667,54415402265,82.62792969,4.06122E+14
103216,2.2669E+12,1.52E+22,8.72127,2521754.667,6674572.667,-32158.92,61374290551,107.7202148,4.55463E+14
103220,2.26692E+12,8.42E+21,8.550046,2722756,7207818.667,-29406.62,33165829543,42.44628906,4.96896E+14
103242,2.26806E+12,4.26E+21,8.353005,1800515,5397886.333,-15700.41,18465321307,30.68261719,1.25417E+14
103254,2.26815E+12,1.84E+21,8.110311,1985752.667,5650271.333,-16485.27,9560534792,33.58789063,5.87959E+13
103463,2.27301E+12,2.01E+22,8.802312,2615971.333,6954629.333,-37417.51333,74715184682,78.90820313,7.4118E+14
103636,2.27649E+12,2.63E+21,8.212866,2682909.333,7187037.667,-37840.61,14014162562,36.37744141,1.45085E+14
103702,2.27739E+12,6.91E+21,8.492892,2573088.333,6678286.333,-15410.08667,28598118604,54.81933594,2.37746E+14
103874,2.27939E+12,4.00E+21,8.334435,2446215.333,6510074.333,-28623.59333,20064640590,43.85058594,1.25423E+14
103958,2.28085E+12,9.46E+21,8.583843,2646583.667,7119080.667,-39909.99667,36872727652,50.26855469,4.33459E+14
103969,2.28103E+12,1.14E+22,8.637586,2610045,6939874,-38427.46667,43152763838,55.37158203,4.51613E+14
104221,2.28587E+12,7.10E+21,8.50074,2185812.667,6009881,-37342.34,27126578399,38.89111328,2.87967E+14
104245,2.28607E+12,1.08E+22,8.623266,2500606.667,6645803.667,-36246.06333,44706432653,79.13232422,3.51705E+14
104271,2.28664E+12,1.29E+22,8.674054,2334941,6321432.333,-41794.99667,43446603014,46.70507813,5.29618E+14
104279,2.28668E+12,3.92E+22,8.995682,1744014.333,5414660.333,-23789.72333,1.06973E+11,119.7817383,9.66951E+14
104310,2.28746E+12,5.01E+21,8.399867,2666399,7166573.333,-39695.96667,22410531691,42.42041016,3.07462E+14
104337,2.28767E+12,1.27E+22,8.669556,2662631.333,7081257.667,-27657.94333,52368133747,91.39208984,4.4665E+14
104478,2.2928E+12,5.04E+21,8.40179,2659054,7124991.333,-34687.72667,23411335860,42.49365234,2.44381E+14
104493,2.29309E+12,7.16E+21,8.503399,2419818,6506830.667,-42406.99667,30526174069,46.25732422,2.37094E+14
104592,2.2946E+12,1.50E+21,8.05129,2624114.667,6984819.667,-37215.22667,10573957065,38.89599609,5.86961E+13
104612,2.29475E+12,1.33E+22,8.682069,2576777.667,6857309,-42430.90333,49792492598,74.82519531,4.69665E+14
104722,2.29791E+12,1.20E+22,8.652575,2684609.333,6971812.667,-13364.30333,44003962773,53.77978516,5.07936E+14
104782,2.29946E+12,2.18E+21,8.158435,2697846,7244385.333,-42016.39,11835431587,36.66455078,1.15624E+14
104946,2.30274E+12,9.11E+21,8.572991,2242369.667,6133076.333,-41370.31667,35880558970,58.95458984,3.1778E+14
104972,2.30324E+12,2.07E+22,8.810542,2595680.667,6917922,-43652.47333,78858999923,116.2519531,6.66108E+14
105058,2.30472E+12,6.31E+21,8.466527,1744014.333,5414660.333,-23789.72333,27079358676,50.52197266,1.82245E+14
105085,2.3054E+12,1.40E+22,8.696599,2670437.667,7181426.667,-41362,50286473884,51.57861328,6.91374E+14
105208,2.30939E+12,7.62E+21,8.52119,2351448.333,6357908.333,-41692.14333,30700260901,39.87255859,2.80325E+14
105382,2.31188E+12,2.32E+22,8.843288,2562589.667,6799557.333,-38772.70333,89384320895,90.90136719,7.65743E+14
105510,2.3151E+12,1.32E+22,8.679714,2671537.667,7164747.333,-37092.73667,41340672084,38.41699219,9.14141E+14
105634,2.31827E+12,1.37E+21,8.024005,2166673.333,5991359.333,-41898.33667,8808368615,30.74951172,6.13563E+13
105833,2.32049E+12,4.06E+21,8.339089,1735272,5421202,-26539.77,18481401153,39.23291016,1.2748E+14
105872,2.32075E+12,9.69E+21,8.590897,2632680,6967602.333,-30181.54333,37987985324,46.45068359,3.39541E+14
105883,2.32088E+12,1.08E+22,8.622748,2524697.333,6722404,-43034.81,42603064155,59.99462891,3.53998E+14
105969,2.32273E+12,7.05E+21,8.49878,1890494.667,5511246,-14594.54333,27703784373,39.85595703,1.42492E+14
105991,2.32335E+12,1.00E+22,8.601193,2637340,7054691,-37971.83,36518989198,49.95507813,5.6227E+14
106133,2.32639E+12,9.70E+21,8.591124,2474667.667,6590705,-35767.53667,40863015411,74.13671875,3.29596E+14
106217,2.32826E+12,1.20E+22,8.652723,2559384,6784968.333,-37489.29,51690295566,85.58886719,3.87584E+14
106220,2.32826E+12,5.54E+21,8.429204,2524860.667,6716872.333,-41474.44,27491966185,53.00439453,1.54445E+14
106331,2.33163E+12,1.80E+22,8.770706,2313478.667,6292939,-46677.30667,63582800605,86.82714844,6.0539E+14
106339,2.33181E+12,1.03E+22,8.608893,2674715.333,7120958.667,-26893.30667,37351928668,42.02685547,6.33567E+14
106444,2.33405E+12,4.19E+21,8.348185,2475217,6607404,-40777.17,21268974420,66.31054688,1.17598E+14
106450,2.3341E+12,2.08E+22,8.812389,2040822.667,5716170.333,-14935.62,63264682245,71.04296875,8.4841E+14
106519,2.33557E+12,1.17E+22,8.644482,2546855.667,6778638,-43541.64667,48101138988,66.61035156,3.93117E+14
106522,2.33558E+12,4.56E+21,8.372621,2621666.667,6974606,-37065.51,21713913870,56.80078125,1.46032E+14
106548,2.33637E+12,6.16E+21,8.45977,1823739,5402204.667,-14201.32667,27922543783,59.82666016,1.70767E+14
106633,2.3394E+12,8.31E+21,8.546463,2655722.333,7140417.333,-39035.53333,34991792327,58.06591797,4.02781E+14
106883,2.34347E+12,1.54E+22,8.724402,2553736.333,6797425,-43534.07333,57830326115,59.08056641,5.67301E+14
106960,2.34478E+12,1.75E+22,8.761342,2419818,6506830.667,-42406.99667,59129450587,56.16845703,6.25679E+14
107013,2.34677E+12,9.96E+21,8.598806,2645988.667,7143707.333,-44375.85333,38983004763,47.70068359,5.53665E+14
107282,2.35194E+12,2.12E+22,8.818229,2624114.667,6984819.667,-37215.22667,79709719135,90.40185547,7.99811E+14
107297,2.35223E+12,1.74E+22,8.760295,1862754.333,5495584.667,-16163.27333,54334080363,50.64013672,5.36335E+14
107475,2.35652E+12,5.97E+21,8.450614,2460115,6547304.667,-31278.41,26457346180,42.94238281,1.78047E+14
107519,2.35717E+12,9.73E+21,8.592073,2646583.667,7119080.667,-39909.99667,32774598952,39.50585938,7.0186E+14
107594,2.35862E+12,1.08E+22,8.621518,2326431.333,6292215,-38636.91667,41508715897,76.88134766,3.64253E+14
107641,2.35982E+12,2.07E+22,8.810858,2492545,6610802.333,-31200.3,77784110900,107.340332,7.11161E+14
107752,2.36404E+12,4.71E+21,8.381839,1653545.667,5334012,-25684.48667,23208364896,47.87158203,1.36952E+14
107950,2.3665E+12,1.50E+22,8.718333,2697446,7188338.667,-33179.72,55089920306,73.67089844,7.86076E+14
108003,2.36724E+12,1.02E+22,8.605745,2442734.667,6545219.333,-40950.35667,45040377088,57.35644531,2.9726E+14
108050,2.3686E+12,1.02E+22,8.607102,2520569.667,6713282.333,-43037.23667,38365376929,47.39746094,4.00362E+14
108059,2.36905E+12,9.73E+21,8.592061,2186780,6026690.333,-41835.71333,33154647803,45.00390625,3.72156E+14
108099,2.37099E+12,3.65E+21,8.308464,2387705,6423433.333,-36643.43,18474110835,35.06591797,1.3134E+14
108333,2.37519E+12,2.03E+22,8.804598,2670599.667,7175701,-39989.35333,69588257148,84.02197266,9.93764E+14
108400,2.37646E+12,1.46E+22,8.709198,2516888,6687637.333,-38160.71667,54333364252,61.13525391,4.8484E+14
108421,2.37746E+12,6.84E+21,8.490199,1825067,5493470.667,-20930.48333,26959430660,38.05175781,2.11111E+14
108522,2.38079E+12,3.52E+21,8.297728,2409707,6466838.333,-35924.19667,17254614931,30.58837891,1.0718E+14
108617,2.38234E+12,4.13E+21,8.343968,2014308.667,5734063.333,-22940.52,17624629745,38.51416016,1.57373E+14
108648,2.38273E+12,2.00E+22,8.800509,2687374.333,7206051.333,-40110.13333,75337088721,105.5151367,8.55195E+14
108841,2.38709E+12,1.47E+22,8.710593,2506467,6592432.333,-21178.28,53408279036,56.1015625,4.90242E+14
108918,2.38867E+12,1.61E+22,8.738361,2296287.667,6245705.667,-42913.25333,58314143871,93.21679688,5.75498E+14
109068,2.39111E+12,6.21E+21,8.462088,1682869.667,5318980.333,-17884.50333,28024315065,44.68847656,1.77226E+14
109075,2.39112E+12,2.26E+22,8.835894,2621666.667,6974606,-37065.51,78030712642,76.08496094,1.05E+15
109164,2.39536E+12,1.05E+22,8.613448,2533001.333,6735911,-41705.40667,48017158216,102.1577148,2.99338E+14
109368,2.39952E+12,2.15E+22,8.821553,2620337,6930763.667,-31194.69667,75293901502,73.45410156,9.72023E+14
109385,2.39971E+12,1.53E+22,8.723076,1866348,5492157.667,-15443.30333,50072954870,45.07714844,4.65286E+14
109613,2.40441E+12,2.02E+22,8.802854,2516234.333,6715259.667,-46245.13667,75934185168,92.30810547,6.43531E+14
109700,2.4065E+12,1.20E+22,8.652543,2191550.667,6035636,-41723.24,43024470657,59.11328125,4.15614E+14
109768,2.40781E+12,1.73E+22,8.759364,2642872,7017726.667,-31096.80667,63686233692,71.13378906,7.54969E+14
110114,2.41435E+12,1.90E+22,8.785902,2559384,6784968.333,-37489.29,72112269085,100.7797852,6.3035E+14
110180,2.41551E+12,1.57E+22,8.731425,2622238.333,7026986,-43961.18,56295917414,68.24023438,7.80512E+14
110199,2.41655E+12,6.34E+21,8.468196,1701971.333,5343182,-18329.12333,27908083975,51.80517578,2.09709E+14
110266,2.41889E+12,1.91E+21,8.121042,1825067,5493470.667,-20930.48333,10589253022,27.38964844,3.35815E+13
110284,2.41925E+12,1.62E+22,8.740233,2343221.333,6345246,-43361.53667,56614462382,58.73339844,5.86868E+14
110314,2.41985E+12,1.30E+21,8.009838,2595684,6908053,-41673.45,9360910482,23.2578125,5.57124E+13
110479,2.42306E+12,1.69E+22,8.752074,2456062.667,6555177.667,-35910.53333,65952293509,77.83203125,5.56255E+14
110481,2.42307E+12,1.56E+22,8.729603,2684110.333,7196476.333,-39468.30667,57754843783,72.53466797,7.06647E+14
110779,2.43123E+12,3.12E+22,8.929354,2629217.333,7066661.333,-43710.54333,1.0854E+11,141.0976563,1.39E+15
110782,2.43123E+12,3.58E+21,8.302645,2469720,6570640,-32676.32333,19897812688,42.91113281,9.01716E+13
110811,2.43312E+12,5.04E+21,8.401456,1992136.333,5637185.333,-14535.78667,21044260403,36.39746094,1.91895E+14
110866,2.4348E+12,1.52E+22,8.720412,1814212.333,5422357.667,-16126.10333,50959923765,69.16210938,4.2692E+14
111024,2.4376E+12,6.22E+21,8.462421,2414364.333,6475741.667,-35883.30333,27852421466,56.1875,2.05296E+14
111137,2.43921E+12,3.26E+22,8.942516,2642618.333,7084740.667,-37985.9,1.19406E+11,157.1723633,1.23E+15
111229,2.44421E+12,1.52E+21,8.054455,2610765.667,6961692.333,-41761.51,11843426640,38.35351563,6.37903E+13
111303,2.44545E+12,1.38E+22,8.693987,2181858,6017726.667,-42047.63,49353232948,65.0234375,4.88507E+14
111305,2.44545E+12,4.04E+21,8.337472,2304926.667,6230262.333,-33731.45333,23042129829,34.71972656,1.09298E+14
111458,2.44745E+12,8.57E+21,8.55537,2547387,6773098.333,-42022.7,38993360839,71.42724609,2.37033E+14
111461,2.44747E+12,2.04E+22,8.806851,2606404,6849541,-25531.79667,73432343645,104.996582,9.73319E+14
111515,2.45026E+12,2.00E+21,8.133898,1740815,5424105.667,-25860.75667,10922410084,30.32177734,5.11138E+13
111597,2.452E+12,1.17E+22,8.644899,2460764,6564063,-35900.55,46470093492,58.79150391,3.86619E+14
111761,2.45524E+12,2.79E+22,8.896984,2545863.667,6789792.333,-46738.57,99754024556,117.4916992,1.11E+15
111783,2.4568E+12,3.80E+21,8.320222,1828836,5489486.333,-19558.13,16929966564,32.32470703,9.45122E+13
111885,2.4599E+12,1.56E+21,8.062271,2466187,6589462.667,-40866.97667,10019042338,28.14355469,4.54686E+13
112096,2.46341E+12,2.91E+22,8.908873,2631601.667,7025114,-38043.77667,1.0331E+11,109.3398438,1.24E+15
112109,2.46362E+12,7.15E+21,8.502686,2442734.667,6545219.333,-40950.35667,30984303210,49.92626953,2.14986E+14
112175,2.46544E+12,3.39E+21,8.287192,1745169,5420703,-24493.90333,16445436951,26.77539063,8.43967E+13
112209,2.46667E+12,3.42E+21,8.289663,2081074.333,5851850,-31106.64333,15069878639,34.79541016,1.22884E+14
112315,2.46916E+12,1.96E+21,8.128068,2637809.667,7101224.333,-42269.74667,12876034373,28.41894531,1.08988E+14
112446,2.4709E+12,1.81E+22,8.771427,2614102,7008004,-46657.06333,73723783719,86.59179688,6.1785E+14
112511,2.47184E+12,1.20E+22,8.652397,2304957.667,6274977.333,-46587.47667,46132233700,59.20117188,4.08865E+14
112545,2.47259E+12,3.17E+22,8.933762,1892260,5614272,-28506.53333,87897341804,116.5092773,7.11846E+14
112587,2.4732E+12,3.78E+21,8.318138,2720464.333,7234172.667,-33626.89,19161240285,39.3046875,2.33561E+14
112609,2.47346E+12,1.04E+22,8.611779,2479727.667,6616969.333,-40799.35667,42815165318,60.2265625,3.13659E+14
112742,2.47783E+12,1.53E+21,8.05558,2543847,6763807,-42021.83,9956283113,39.09130859,3.84901E+13
112750,2.47793E+12,1.54E+21,8.057973,2204638,6034468.667,-33899.82667,9285048192,35.50341797,8.40113E+13
112804,2.47862E+12,1.93E+21,8.12428,1740815,5424105.667,-25860.75667,10580548131,22.25927734,4.94072E+13
112833,2.47888E+12,2.16E+22,8.823245,2625695,7046679,-43858.98667,78150773920,79.05175781,8.69175E+14
112943,2.48248E+12,1.09E+22,8.623891,2545411.667,6747140.667,-37201.41333,44177680756,63.26513672,3.49848E+14
113039,2.48474E+12,2.35E+21,8.180224,2396261.333,6457028.333,-40831.56667,13511512499,33.06445313,5.19735E+13
113104,2.48602E+12,7.50E+21,8.516576,2255623.333,6148650,-37959.61,32017989599,68.73095703,2.42821E+14
113124,2.48635E+12,2.09E+22,8.812833,2623858.667,7021595.333,-42277.97667,81054778686,102.230957,8.71843E+14
113400,2.49216E+12,9.05E+21,8.571073,1882639.333,5493223.333,-14233.21333,35839228049,59.48632813,2.79312E+14
113487,2.4929E+12,1.57E+22,8.731153,2516466.667,6704243.667,-43003.32333,54687428235,53.70458984,5.55386E+14
113494,2.49292E+12,1.01E+22,8.602151,2151832,5957452.667,-37833,32775666186,39.84814453,4.29984E+14
113551,2.49411E+12,1.03E+22,8.607678,2379460.667,6410991.667,-38357.10667,41896164481,78.0625,3.30706E+14
113596,2.49506E+12,2.10E+22,8.815432,2623877.667,7036796.333,-44022.91,70047733695,60.49707031,1.04E+15
113914,2.50256E+12,3.44E+22,8.957493,2516466.667,6704243.667,-43003.32333,1.2575E+11,145.6713867,1.28E+15
114071,2.50814E+12,1.37E+21,8.024866,2651649.333,7136600.667,-40282.48,9094390843,25.18017578,7.05256E+13
114179,2.50944E+12,2.70E+21,8.22083,1735272,5421202,-26539.77,13337655258,34.609375,9.23413E+13
114284,2.51071E+12,3.85E+22,8.990301,2560979.333,6810922.667,-42114,1.43283E+11,135.1396484,1.37E+15
114338,2.51363E+12,1.10E+22,8.627117,1855860.333,5467736.333,-13971.48667,38046865126,41.52001953,2.76629E+14
114364,2.51479E+12,4.11E+21,8.342663,1677920.667,5362955.333,-26322.53667,21318033644,55.13476563,1.04589E+14
114678,2.51971E+12,2.39E+22,8.852733,2563929,6825847.667,-43500.20333,86660173905,83.16162109,8.52832E+14
114684,2.51971E+12,1.15E+22,8.641286,2708248.667,7185672,-29356.12,39549144143,36.35595703,7.35154E+14
114723,2.52052E+12,1.81E+22,8.771593,2260013.333,6107515,-25184.82,62481355102,61.37011719,6.14786E+14
114940,2.52691E+12,1.90E+22,8.785364,2620334,7001833.667,-41826.48333,78131949634,85.42871094,7.13582E+14
114953,2.52715E+12,6.43E+21,8.472179,2014945.667,5682487.333,-15133.46333,25032991163,36.50195313,2.41448E+14
115114,2.53008E+12,6.88E+21,8.491553,1813343.667,5397600,-14676.60333,26480566319,51.72802734,2.28433E+14
115164,2.53139E+12,2.39E+22,8.851847,2447874,6559518,-42707.30333,76364746992,62.00683594,8.99738E+14
115313,2.5357E+12,2.46E+22,8.860836,2618858.667,7007140,-43440.97333,78958769980,68.80810547,1.23E+15
115629,2.54169E+12,4.38E+21,8.360656,1647049.333,5326426.333,-25687.83667,22441776006,53.26220703,1.2299E+14
115762,2.54324E+12,3.48E+22,8.961447,2496973,6608617.333,-28393.97333,1.27895E+11,138.331543,1.27E+15
115907,2.54844E+12,1.36E+22,8.689211,1884265,5509036.333,-15124.87667,47307798899,62.28808594,3.58403E+14
116064,2.55051E+12,2.63E+22,8.87999,2557098.667,6806918.333,-43527.19667,1.0233E+11,107.9121094,1.01E+15
116108,2.55189E+12,2.66E+22,8.883431,2379118.667,6421928.333,-41460.36333,91416181019,119.9912109,9.22779E+14
116240,2.55565E+12,7.55E+21,8.518509,2456322.333,6560754.333,-37551.01,29870420345,39.02880859,2.50768E+14
116364,2.55856E+12,2.82E+22,8.900008,2610765.667,6961692.333,-41761.51,97725140202,81.33056641,1.24E+15
116564,2.56398E+12,6.54E+21,8.477095,1737308.333,5405472,-23549.08333,29726732378,43.01318359,1.72432E+14
116801,2.56706E+12,2.31E+22,8.8427,2611803.333,6949957.667,-39118.72667,77181708736,69.57373047,1.16E+15
116803,2.56707E+12,1.81E+22,8.771102,2573717,6738153.333,-22498.23333,65859238943,89.51318359,6.06621E+14
117012,2.57368E+12,4.73E+21,8.383104,1814757.667,5475266.667,-19577.17667,18125871797,25.63964844,1.21588E+14
117078,2.57445E+12,2.31E+22,8.842625,2583571.333,6880887,-43516.26333,88168549497,104.0991211,9.06233E+14
117142,2.57658E+12,7.77E+21,8.527016,2474200.333,6573992.667,-31134.70333,32664939672,49.05126953,2.36111E+14
117407,2.58124E+12,1.60E+22,8.736207,2098534.667,5844448.333,-23342.91333,56330996253,93.21777344,4.77548E+14
117471,2.58164E+12,2.50E+21,8.19812,1740815,5424105.667,-25860.75667,13220376250,27.01416016,5.59315E+13
117584,2.58272E+12,6.60E+21,8.479561,2582588,6842627.667,-36055,28025369219,49.85742188,2.34082E+14
117592,2.58275E+12,6.82E+21,8.48903,2579531.333,6768190.667,-24798.86,27732370478,49.3828125,2.50998E+14
117683,2.58427E+12,2.84E+22,8.90206,2237927.667,6124352,-41323.41667,97081108158,106.7182617,1.01E+15
117730,2.5851E+12,1.75E+22,8.76253,2675220.333,7191177.667,-41691.06667,52786779234,51.45361328,1.14E+15
117967,2.59075E+12,1.34E+21,8.018504,1880559.667,5512302,-15815.71667,8495616049,26.46533203,2.66169E+13
118041,2.59168E+12,2.40E+22,8.853494,2565446.667,6809131.667,-39042.84,91358234686,99.98486328,8.55678E+14
118094,2.59341E+12,1.30E+22,8.675234,1658473.333,5336081.333,-24956.16,51968969448,90.90527344,2.98355E+14
118170,2.59524E+12,7.11E+21,8.501164,2456998,6571838.333,-40961.03333,27048951458,35.05175781,2.42079E+14
118194,2.59609E+12,3.09E+21,8.259824,2693016,7204799.333,-37951.57667,16605458684,43.34814453,1.66766E+14
118376,2.60029E+12,2.41E+22,8.855212,2620723.667,7017033,-43629.56,81020405374,78.40527344,1.03E+15
118500,2.60292E+12,9.70E+21,8.591241,2392505,6464763.667,-45904,38749515714,54.92480469,3.63749E+14
118563,2.60492E+12,9.74E+21,8.592235,2488033.333,6607130.333,-32685.18667,37869920568,39.69775391,3.47759E+14
118722,2.60796E+12,2.29E+22,8.840166,2644100.667,7063725.333,-35160.60333,81132319452,79.20361328,1.07E+15
118842,2.61166E+12,9.68E+21,8.590539,1874329,5510052.667,-16383.77333,38648964152,59.05615234,2.75053E+14
119019,2.6143E+12,1.52E+22,8.72195,2500483.667,6651334.333,-37883.42333,59505853783,73.67285156,5.02769E+14
119107,2.61623E+12,1.69E+22,8.752716,2612828.333,6944695.333,-37548.35,61528376889,63.76757813,7.81324E+14
119135,2.61683E+12,1.69E+21,8.084571,2018716.333,5730478,-21219.01,8847200864,24.95849609,6.04708E+13
119155,2.61714E+12,4.35E+21,8.35888,2396261.333,6457028.333,-40831.56667,20854552549,39.30224609,1.46453E+14
119373,2.62191E+12,2.89E+22,8.906764,2224362.667,6102936.667,-42915.85333,85539798780,67.73339844,1.09E+15
119377,2.622E+12,1.13E+22,8.635134,2582509,6803039.333,-28990.17,46171694032,69.02441406,4.15015E+14
119578,2.62513E+12,1.75E+22,8.762844,2696194,7173259.667,-30082.36333,56873287958,54.98193359,9.58691E+14
119590,2.62545E+12,7.18E+21,8.504104,2462415.667,6597062.333,-46158.18333,30946980717,57.71435547,2.10808E+14
119762,2.63005E+12,1.43E+22,8.703619,2590595.667,6828417,-29393.87333,52750916409,63.35498047,5.41514E+14
119793,2.63073E+12,1.68E+22,8.750772,1740815,5424105.667,-25860.75667,58486522224,55.8125,4.59172E+14
119831,2.63177E+12,5.68E+21,8.436189,1888295.333,5617879.667,-30694.63667,23741273560,52.08496094,1.58861E+14
119952,2.63386E+12,5.16E+21,8.408292,2639949,6992888.667,-29582.02333,24098355094,54.11474609,1.46723E+14
119977,2.63415E+12,8.84E+21,8.564307,2664253.667,7123648.333,-32019.33,31430109239,34.67431641,5.43606E+14
119985,2.63421E+12,1.24E+22,8.661592,2391670.667,6448144,-41137.93,50782429520,70.66455078,3.97235E+14
120084,2.63819E+12,1.41E+22,8.700422,2583571.333,6880887,-43516.26333,60342044647,71.55029297,4.80748E+14
120396,2.64425E+12,2.03E+22,8.805319,2639274,7080178,-39378.27,67906292966,56.92431641,1.11E+15
120404,2.64431E+12,6.47E+21,8.473936,2496973,6608617.333,-28393.97333,29646048151,51.74267578,1.82329E+14
120508,2.64709E+12,9.95E+21,8.598559,2532654.667,6741557.667,-43374.12,35959170398,39.68212891,3.91632E+14
120524,2.64768E+12,6.71E+21,8.484466,1837755,5395642.333,-12374.33,28975100326,69.10253906,1.99235E+14
120615,2.64982E+12,1.61E+22,8.738168,2264846.667,6177740.667,-40917.40333,61195355947,81.35693359,5.38728E+14
120621,2.64982E+12,5.16E+21,8.408402,2367438.333,6394897.667,-41587.31667,22274648538,29.30224609,1.72995E+14
120771,2.65297E+12,2.04E+22,8.805749,2637809.667,7101224.333,-42269.74667,67250873279,74.81640625,9.81854E+14
120821,2.65444E+12,1.40E+22,8.697676,2492375.333,6627628,-35986.98,55102530572,62.59814453,4.40815E+14
121181,2.66268E+12,3.48E+22,8.961328,2607590,6951101.667,-42040.28333,1.15454E+11,95.68359375,1.59E+15
121244,2.66524E+12,6.18E+21,8.460665,1809073.667,5392778.667,-14443.27667,25813398649,37.91943359,1.9624E+14
121281,2.66626E+12,9.32E+21,8.579727,2387320.333,6439634.667,-41296.35333,38610129181,55.81005859,3.02271E+14
121328,2.66767E+12,1.45E+21,8.039959,2644603.333,7110113.333,-39696.8,12757522753,49.23486328,5.21858E+13
121469,2.66996E+12,1.16E+22,8.642721,1804640.333,5472756.333,-21007.68667,38444282415,44.64453125,3.02069E+14
121558,2.67124E+12,3.32E+22,8.947517,2565446.667,6809131.667,-39042.84,1.14677E+11,94.25683594,1.34E+15
121606,2.67337E+12,3.91E+21,8.327761,2172624.667,6006232.667,-43582.93333,18310403359,38.73681641,1.16734E+14
121620,2.67404E+12,4.55E+21,8.37209,2023890,5732587.667,-20533.12,21160122486,54.28417969,1.18387E+14
121863,2.67869E+12,1.52E+22,8.72161,2450966,6496389,-23749.10667,68125359269,109.359375,4.28048E+14
121893,2.67906E+12,4.10E+21,8.34177,2603687,6854325.667,-27456.57,20833887755,54.92382813,1.22763E+14
121908,2.67936E+12,1.42E+22,8.701106,2644410,7094881.333,-38094.71,47595328140,44.46533203,7.83831E+14
121964,2.68152E+12,2.79E+21,8.230731,1828076,5392065,-12812.38667,12760503007,24.68261719,8.23297E+13
122362,2.68758E+12,3.50E+22,8.962997,2607688.667,6978141.333,-46642.48667,1.21041E+11,110.375,1.37E+15
122416,2.6901E+12,2.33E+22,8.845223,2411807.667,6265670,-10492.49,75097161663,72.84863281,8.10365E+14
122618,2.69475E+12,6.94E+21,8.49418,1871977.667,5474720,-13564.42667,27311361250,45.84960938,2.05119E+14
122625,2.69477E+12,3.97E+21,8.332224,1693449,5388687,-29233.01667,19729723559,28.27636719,1.3312E+14
122867,2.69717E+12,4.10E+22,9.008256,2532654.667,6741557.667,-43374.12,1.2888E+11,96.93457031,1.83E+15
123134,2.70475E+12,2.20E+22,8.828238,2627511.667,7056619,-43704.95667,86611876416,127.7573242,8.76192E+14
123221,2.70666E+12,1.48E+22,8.712612,2508269.667,6686031.333,-42957.79,60533529343,108.4506836,4.40843E+14
123453,2.71199E+12,3.39E+21,8.286575,1788317.333,5383775.667,-14559.82667,15777531911,31.58056641,1.05055E+14
123514,2.71261E+12,2.03E+22,8.805697,2618206,6915518.667,-29955.27667,76065986298,96.06103516,8.7884E+14
123526,2.71264E+12,3.14E+22,8.931312,1874598,5499409.333,-15398.51667,81686955934,96.20458984,7.59913E+14
123752,2.71721E+12,1.35E+22,8.687096,2508269.667,6686031.333,-42957.79,53483978848,84.77929688,4.34391E+14
123858,2.71925E+12,5.68E+21,8.436226,2084072,5748262.333,-12324.52333,21724463692,38.12255859,2.26655E+14
123912,2.72015E+12,1.51E+22,8.719022,2313931.333,6231410.333,-29523.63,56594341689,69.12207031,5.13759E+14
123956,2.72092E+12,2.49E+22,8.863957,2634352,7081058.667,-42263.96,85893765099,69.66650391,1.16E+15
124132,2.72694E+12,1.31E+22,8.67737,2222644.333,6030658,-24414.37333,37014617987,42.08007813,5.75091E+14
124144,2.72706E+12,1.59E+22,8.734242,2530091,6692629.333,-32459.48,63624907867,95.93505859,4.87881E+14
124161,2.72741E+12,1.87E+21,8.115048,1677348.667,5357482.333,-25197.42333,10108222672,15.50537109,5.86217E+13
124169,2.72743E+12,4.58E+21,8.374209,1717122,5406052,-27751.49,19494937547,34.79150391,1.49323E+14
124201,2.72826E+12,1.61E+21,8.071783,1889259,5520567,-15368.26,8894432369,28.03222656,3.21211E+13
124236,2.7292E+12,2.18E+22,8.825303,2637485.333,7070267,-39327.58333,72362452816,60.72705078,1.06E+15
124494,2.73627E+12,2.18E+22,8.825332,2563929,6825847.667,-43500.20333,82133510622,90.49755859,7.58658E+14
124566,2.73772E+12,8.80E+21,8.562867,2648838.667,7127749.333,-40114.30667,31700201917,39.14746094,5.67601E+14
124578,2.73798E+12,1.06E+22,8.616659,2442734.667,6545219.333,-40950.35667,42625276125,64.32177734,3.62733E+14
124877,2.74479E+12,2.65E+22,8.882565,2642618.333,7084740.667,-37985.9,97762475232,134.6425781,8.70821E+14
124922,2.746E+12,2.01E+22,8.801824,1830959,5411661,-14123.16,63921753677,67.66699219,5.71481E+14
124934,2.74646E+12,1.04E+22,8.610435,2317969.333,6274369,-38611.38667,41308068945,74.44726563,3.36751E+14
124954,2.74711E+12,5.36E+21,8.419216,2687374.333,7206051.333,-40110.13333,22605466035,29.18164063,3.59713E+14
125251,2.75289E+12,1.78E+22,8.767177,2455549.667,6544034.667,-32768.53333,71668219919,135.8935547,5.72376E+14
125271,2.75322E+12,1.32E+22,8.681228,2655087,6989486.667,-22713.71,48001456549,51.6875,6.27554E+14
125341,2.75649E+12,4.10E+21,8.341818,2035307.333,5694346.667,-13351.17333,19422557150,37.10498047,1.42191E+14
125439,2.75866E+12,1.42E+21,8.034255,2627511.667,7056619,-43704.95667,10709789337,32.74658203,6.74417E+13
125460,2.7589E+12,1.08E+22,8.622878,2383200.333,6436395.667,-43079.55,38908031570,43.09375,4.02695E+14
125606,2.761E+12,7.34E+21,8.510335,2693732.333,7240252,-42987.88,31522786810,62.90625,4.22116E+14
125647,2.76184E+12,2.48E+22,8.862557,2639274,7080178,-39378.27,87163011980,113.7949219,8.65938E+14
125702,2.76437E+12,5.52E+21,8.428028,1738319.667,5411881.333,-24362.39333,24569204027,50.05859375,1.45887E+14
125761,2.76618E+12,5.77E+21,8.440623,2177311.667,6014631,-43659.41333,24057600878,41.27050781,1.87668E+14
125942,2.76917E+12,1.86E+22,8.779536,2651649.333,7136600.667,-40282.48,67761726868,91.45166016,8.65658E+14
126058,2.77199E+12,1.96E+22,8.794803,2506159.667,6609989,-24632.69333,66860768939,60.9140625,7.27503E+14
126094,2.77336E+12,2.60E+21,8.210451,1664166,5343454.333,-25213.29667,13655719767,26.3359375,8.63649E+13
126329,2.77786E+12,1.75E+22,8.76213,2260055.667,6152039.667,-36360.80667,62095532224,80.06103516,6.16898E+14
126353,2.77816E+12,2.34E+22,8.846176,2607590,6951101.667,-42040.28333,75265478456,76.81396484,1.22E+15
126525,2.78227E+12,1.64E+22,8.74312,2500092.333,6667820.667,-42877.50667,62279095597,75.59960938,5.32204E+14
126744,2.78684E+12,1.98E+22,8.797685,2632758.333,7086485,-43676.82333,70275811753,79.12451172,9.17861E+14
126753,2.78701E+12,1.94E+22,8.792002,1815328.333,5407391.333,-15304.24667,62699484546,82.99755859,5.8354E+14
127030,2.79294E+12,2.39E+22,8.852439,2512418.667,6695128.333,-43048.94,83616109463,74.59179688,8.36956E+14
127147,2.79526E+12,1.80E+22,8.77048,2644313,7012308,-29798.53667,61974785969,51.91992188,9.08499E+14
127306,2.80013E+12,5.80E+21,8.442099,2572559.333,6830121.333,-39201.29,27226134075,45.44824219,1.91843E+14
127347,2.80066E+12,1.70E+21,8.086995,2658412.333,7154872,-40615.98333,11427707487,31.43603516,9.01504E+13
127534,2.80368E+12,1.63E+22,8.74163,2619150.333,6964738.667,-37106.37,58743733104,81.84667969,7.38799E+14
127719,2.80612E+12,1.15E+22,8.641631,1811182.667,5402555.333,-15301.45333,44295271649,45.88232422,3.59546E+14
127771,2.80678E+12,3.28E+22,8.943852,2434392.667,6544110.333,-46298.31333,1.09195E+11,82.09326172,1.17E+15
127960,2.81187E+12,1.94E+22,8.791578,2627511.667,7056619,-43704.95667,75851679757,77.64355469,8.23158E+14
127980,2.81266E+12,3.08E+22,8.925378,2181059.667,6001394.333,-37455.55667,96188982496,139.4619141,1.04E+15
128120,2.81668E+12,1.69E+22,8.751186,2554130,6754494,-33996.13333,66901275049,98.16210938,5.3606E+14
128250,2.82007E+12,1.72E+22,8.756584,2610045,6939874,-38427.46667,61402399569,99.47949219,8.2011E+14
128329,2.82301E+12,2.17E+21,8.15785,1829767.667,5401732,-13639.60333,11260671163,34.32470703,6.93585E+13
128386,2.82413E+12,5.76E+21,8.440383,2363567,6385625.667,-41578.57333,26607875612,58.07421875,1.80863E+14
128445,2.82483E+12,3.69E+21,8.311084,2590578.667,6818486.333,-27796.66667,20590216474,30.89306641,9.69816E+13
128554,2.82654E+12,1.34E+22,8.685539,2534090.667,6707208,-33998.45,47561766724,67.54882813,4.56698E+14
128616,2.82833E+12,1.80E+22,8.770744,2623877.667,7036796.333,-44022.91,61794427570,66.31738281,8.9141E+14
128663,2.83054E+12,1.93E+22,8.790578,1819237.667,5491814.667,-21696.06333,65579410902,67.22851563,5.39919E+14
128688,2.83132E+12,5.26E+21,8.414213,2296190.333,6240146,-41300.96667,24164586441,42.76269531,1.64892E+14
128732,2.83239E+12,6.44E+21,8.47246,2580113.667,6847265,-38380.41667,27260469316,35.72753906,2.36633E+14
129008,2.83682E+12,1.73E+22,8.7579,2644603.333,7110113.333,-39696.8,61077785199,71.98876953,8.84371E+14
129032,2.83751E+12,1.79E+22,8.768748,2544834,6752651.333,-38775.55333,66406873823,86.53320313,6.06452E+14
129246,2.84314E+12,9.96E+21,8.598725,2611777.333,6849932,-23417.79333,40573232187,42.58984375,3.69588E+14
129367,2.84515E+12,1.35E+22,8.687618,2630169,7030475,-39548.41667,49143427609,57.28759766,7.12322E+14
129466,2.84741E+12,1.23E+22,8.659715,2483761.667,6609226.667,-35816.51333,49263823264,52.90478516,3.95573E+14
129522,2.8485E+12,1.17E+22,8.646045,2255331,6132002,-33445.99333,42771156741,52.03320313,4.27539E+14
129534,2.84878E+12,5.42E+21,8.422673,1735272,5421202,-26539.77,23984678354,46.63720703,1.61979E+14
129607,2.85064E+12,9.29E+21,8.578714,2583862.333,6874442,-41892.43333,38926539960,44.97558594,3.19489E+14
129772,2.85387E+12,1.34E+22,8.684857,2630833,7061144.667,-42217.85667,45761922060,47.30517578,7.49407E+14
129891,2.85688E+12,2.83E+22,8.901368,2313492.667,6281931,-43346.6,97551625192,124.4824219,9.88222E+14
129911,2.85755E+12,4.88E+21,8.392164,1653545.667,5334012,-25684.48667,24098981440,38.38085938,1.40066E+14
129940,2.85865E+12,7.07E+21,8.499739,2610467,6919741.333,-34740.96667,29783665414,51.53173828,2.48007E+14
129993,2.86022E+12,3.61E+21,8.304835,2014534.667,5644010.333,-12630.52,16384853432,33.14160156,1.24179E+14
130116,2.86271E+12,1.49E+22,8.715093,2637485.333,7070267,-39327.58333,51102330490,48.67041016,8.25544E+14
130264,2.86588E+12,1.98E+22,8.798079,2508409,6680572.667,-41287.63667,76286078324,88.22802734,6.38935E+14
130629,2.87267E+12,1.67E+22,8.748587,1842145.333,5509035.333,-20977.76333,49124172259,34.08056641,5.46155E+14
130646,2.87277E+12,2.19E+22,8.827391,2720563.333,7177432,-24339.42,73035094212,86.53027344,1.07E+15
130700,2.87354E+12,7.73E+21,8.525531,2429742.667,6535407,-46244.6,33857493462,48.65917969,2.54021E+14
130756,2.87506E+12,9.46E+21,8.584047,2524697.333,6722404,-43034.81,35884688803,48.18554688,3.23949E+14
130825,2.8778E+12,9.21E+21,8.576105,2300643.333,6198930.333,-27994.95,39860035673,56.02929688,2.76883E+14
131278,2.88331E+12,2.26E+22,8.836442,2712465.333,7169207,-24621.34333,72299708294,87.94873047,1.15E+15
131298,2.88367E+12,1.48E+22,8.71305,2474333,6579583,-32630.23,58443654840,61.80615234,4.81626E+14
131306,2.88377E+12,1.19E+22,8.65124,2153143,5963177.667,-39266.79333,40477425981,58.17285156,4.23014E+14
131575,2.89051E+12,1.61E+22,8.738028,2614780.667,6986908,-43334.99333,64404819192,75.01611328,6.07938E+14
131585,2.89062E+12,3.87E+21,8.325513,1731030.333,5424344,-28043.56,18333851464,38.01513672,1.17618E+14
131643,2.89125E+12,1.44E+21,8.038109,2571642.667,6838985.667,-41663.73667,10030540210,40.80224609,3.69946E+13
131862,2.89518E+12,2.68E+22,8.885544,2383286.667,6430962,-41449.26,94363868427,104.8833008,9.38095E+14
132003,2.8981E+12,1.58E+22,8.73195,2655722.333,7140417.333,-39035.53333,56313448472,61.73681641,7.19365E+14
132014,2.89835E+12,4.62E+21,8.376618,1874799.333,5489016.667,-14525.03333,18284127716,21.64599609,1.17881E+14
132389,2.90523E+12,3.11E+22,8.928848,2583862.333,6874442,-41892.43333,1.11431E+11,91.74511719,1.06E+15
132447,2.90667E+12,4.72E+21,8.382927,2735971.333,7157936.333,-17417.73333,18799977588,42.09619141,3.48755E+14
132482,2.9078E+12,4.94E+21,8.395883,2040473,5686175,-11951.82667,21481473766,36.49169922,1.71278E+14
132484,2.9078E+12,3.84E+21,8.323092,1967208,5589085.333,-12571.17667,18815731772,30.66015625,8.79539E+13
132525,2.90833E+12,7.70E+21,8.52437,1745169,5420703,-24493.90333,30915025959,41.58544922,2.27847E+14
132538,2.9087E+12,1.30E+22,8.67662,2264939,6183264,-42518.23667,46680712800,47.02636719,4.96045E+14
132667,2.91151E+12,6.21E+21,8.462033,2670437.667,7181426.667,-41362,28241229928,52.51757813,2.31965E+14
132733,2.91255E+12,1.15E+22,8.641021,2602526.333,6958454,-46584.01,49004989293,111.1206055,3.66652E+14
132887,2.91526E+12,1.62E+22,8.740521,2564514.667,6673171,-16621.16333,62811827986,88.87109375,5.19726E+14
132929,2.91644E+12,5.49E+21,8.426524,2675220.333,7191177.667,-41691.06667,27119419922,41.72851563,3.08717E+14
133008,2.91891E+12,7.72E+21,8.524916,1866303.667,5465749,-13210.73333,28817450157,36.55078125,1.92035E+14
133092,2.92059E+12,1.97E+22,8.796605,2640841.333,7074769.667,-37907.79,73320297734,94.36474609,7.11099E+14
133224,2.92457E+12,9.92E+21,8.5977,2534279,6701664.667,-32551.03,39893522006,54.80566406,3.28776E+14
133243,2.92489E+12,6.22E+21,8.462354,2696194,7173259.667,-30082.36333,26089021200,42.87988281,3.9377E+14
133295,2.92587E+12,7.06E+21,8.499156,2196778.333,6061124.667,-46608.06,26078339382,39.35498047,2.52585E+14
133442,2.92858E+12,1.95E+22,8.793417,2641886,7038349,-33786.19333,70872534870,75.72949219,7.21588E+14
133551,2.93139E+12,3.30E+21,8.278947,1823739,5402204.667,-14201.32667,16003922060,36.07324219,8.76424E+13
133597,2.93232E+12,1.11E+22,8.630756,2326363,6308932.333,-43424.89,45433204468,61.41943359,3.8547E+14
133635,2.9331E+12,6.03E+21,8.453498,2666023.333,7172167,-41114.41667,28065171036,42.97998047,3.35113E+14
133715,2.93442E+12,9.65E+21,8.589717,2501631.667,6600573,-24533.25,38623351242,58.48779297,3.0018E+14
133751,2.93528E+12,1.46E+21,8.042727,1703299.333,5349150,-19059.44333,8367777042,19.75195313,4.57341E+13
133843,2.93685E+12,1.30E+22,8.676501,2617011,6997306.667,-43310.49,48690349088,59.72558594,5.11824E+14
133846,2.93685E+12,4.76E+21,8.38484,2598722.667,6793996.333,-21207.71333,23140863306,27.84570313,1.70636E+14
133928,2.93999E+12,3.63E+21,8.306491,1846692.333,5495333,-17966.47333,16076649660,25.87792969,8.5406E+13
133960,2.94079E+12,7.43E+21,8.514044,2662033.667,7163230.667,-40825.00667,30121661581,38.84912109,4.47479E+14
134250,2.94468E+12,2.95E+22,8.912945,2500202.333,6662364,-41181.32333,1.1233E+11,98.4921875,9.62372E+14
134335,2.94728E+12,3.59E+21,8.303064,1740815,5424105.667,-25860.75667,16988096567,25.28320313,1.01336E+14
134348,2.94762E+12,1.15E+22,8.640738,2017684.333,5633964.667,-11782.39667,42934107378,89.95898438,3.66602E+14
134371,2.94836E+12,4.32E+21,8.356868,1901644,5612523.333,-25419.71333,19318258379,31.13378906,9.33111E+13
134449,2.94946E+12,9.19E+21,8.575661,2682520.667,7201826.667,-41101.08333,35691188081,42.04052734,5.4458E+14
134736,2.9537E+12,1.34E+22,8.685589,2264563,6160990.667,-36273.18333,47403184568,70.78173828,4.63235E+14
134845,2.95481E+12,2.87E+22,8.905312,2591578.667,6919373.333,-46584.36,99034071959,96.00537109,9.98299E+14
134850,2.95485E+12,5.70E+21,8.437012,2396472.667,6424576.667,-32094.66667,25726844963,57.48339844,1.79936E+14
134927,2.95782E+12,8.16E+21,8.541239,2662033.667,7163230.667,-40825.00667,34150254036,46.89746094,4.60246E+14
134957,2.95902E+12,1.14E+22,8.637066,1871560,5504015.333,-16129.66333,38581895305,45.10400391,2.7705E+14
134974,2.95928E+12,3.46E+21,8.292321,1902718,5406079.667,-8572.825667,15747578392,64.33349609,1.32235E+14
134987,2.95951E+12,2.84E+21,8.235269,1653545.667,5334012,-25684.48667,14558254687,27.56591797,8.67E+13
135166,2.96299E+12,2.23E+22,8.831989,2557656.667,6801272,-41947.84333,81192965007,120.4833984,8.21726E+14
135300,2.96638E+12,1.16E+22,8.643991,2483404,6591988,-31084.62,43824990957,63.06396484,4.03798E+14
135348,2.96786E+12,5.66E+21,8.435207,2643853.333,7129146.667,-42898.84667,25691656217,40.21044922,3.40467E+14
135528,2.97133E+12,2.21E+22,8.82934,2646745.333,7037339,-31202.58,79671114735,88.01660156,8.5804E+14
135631,2.97428E+12,2.91E+21,8.242315,1733931.333,5415020.333,-25745.58667,14219818803,32.49804688,9.17282E+13
135711,2.97566E+12,9.18E+21,8.575106,2359315.333,6381804,-43203.87,36104986234,65.53125,3.14883E+14
135754,2.9762E+12,6.20E+21,8.461556,2698783.667,7162299,-26785.82,27707028011,33.79589844,3.57581E+14
135988,2.97918E+12,2.91E+22,8.909736,2415102.667,6492593.667,-40644.97,1.05277E+11,146.769043,9.66086E+14
135998,2.97953E+12,1.27E+22,8.668108,2158209,5965890.333,-37758.58667,42936810169,60.38867188,4.8049E+14
136012,2.97988E+12,1.70E+22,8.754214,1828836,5489486.333,-19558.13,53679094613,68.33105469,4.2153E+14
136155,2.98438E+12,9.49E+21,8.58478,2704973.667,7217412,-36236.69,37269066699,50.65478516,5.71831E+14
136332,2.98767E+12,2.53E+22,8.868187,2580514,6865884,-42092.50333,92220216259,105.6762695,8.91695E+14
136365,2.98862E+12,5.90E+21,8.447103,1711993.667,5340909,-16659.15667,24664322888,42.57128906,1.82015E+14
136411,2.99012E+12,6.67E+21,8.482849,2273813,6195626,-40956.95667,25871541963,39.54443359,2.4363E+14
136507,2.99277E+12,1.18E+22,8.64874,2668746.667,7109327,-27682.42667,46596794673,62.95361328,6.83795E+14
136583,2.99471E+12,9.02E+21,8.570025,2428863,6519033,-40827.90333,38649241593,73.33886719,2.7506E+14
136620,2.99537E+12,1.77E+22,8.765687,2590292.667,6887776.333,-40953.94333,70723127992,78.35644531,5.78794E+14
136683,2.99864E+12,6.54E+21,8.476861,1814110,5469988.333,-19000.06,26491548503,42.33203125,1.62273E+14
